total_sessions,total_viewing_hours,avg_session_duration_min,sessions_per_week,distinct_channels,avg_happiness_score,avg_buffer_ratio,error_rate,avg_bitrate,pct_episode,pct_sport,pct_live,pct_show,distinct_devices,avg_pause_count,avg_seek_count,viewing_time_trend,error_rate_trend,session_frequency_trend,label
55,8.8287,9.6313,41.0823,31,5.3529,0.2923,0.0,3122299.6909,50.0,4.1667,2.0833,43.75,3,0.3818,0.2364,0.0,0.0,0.0,1
6,0.0041,0.041,6.0,0,0.4829,0.0,0.0,121239.3333,25.0,25.0,25.0,25.0,0,0.0,0.0,0.0,0.0,0.0,1
30,1.8463,3.6925,30.0,6,2.0634,0.6102,0.4667,1482048.2333,53.3333,0.0,0.0,46.6667,3,0.1,0.0667,0.0,0.0,0.0,1
32,22.8459,42.8361,2.1721,14,3.9768,2.5145,0.125,2157493.5938,85.7143,0.0,14.2857,0.0,4,0.125,0.1875,-0.0954,-0.2,-0.5,1
60,7.3845,7.3845,46.4554,26,1.5931,0.6918,0.3833,1201232.1,50.8475,3.3898,1.6949,44.0678,2,0.0833,0.0833,0.0,0.0,0.0,1
28,5.6446,12.0957,21.4185,4,2.9177,4.1954,0.0,3304364.2143,60.7143,25.0,10.7143,3.5714,2,0.2143,0.3571,0.0,0.0,0.0,1
100,93.6089,56.1654,19.24,10,5.0431,0.4517,0.06,2760553.14,4.0,0.0,14.0,82.0,2,0.73,0.21,-6.937,-0.0877,-15.0,1
62,14.1517,13.6952,43.6985,16,4.3056,0.6909,0.129,2664635.0645,82.4561,0.0,0.0,17.5439,4,0.4677,0.129,0.0,0.0,0.0,1
8,12.5373,94.0294,5.986,3,5.1598,1.0091,0.0,2428731.25,75.0,0.0,12.5,12.5,2,0.5,0.0,0.0,0.0,0.0,1
100,43.732,26.2392,11.1861,15,5.2178,2.4046,0.16,3304337.59,62.8571,0.0,2.8571,34.2857,3,0.43,0.18,0.067,-0.13,-7.5,1
45,8.5841,11.4455,30.9443,27,4.6981,0.4213,0.0222,2999354.2222,37.8378,0.0,0.0,62.1622,2,0.1333,0.0,0.0,0.0,0.0,1
11,7.3476,40.0778,1.2586,6,2.7188,1.4914,0.1818,3607242.0,36.3636,36.3636,9.0909,18.1818,1,0.4545,0.0,0.4683,-0.4667,3.5,1
17,6.1635,21.7535,11.1087,6,3.4315,0.2761,0.0,2680438.1176,92.3077,0.0,0.0,7.6923,2,0.2941,0.0588,0.0,0.0,0.0,1
82,27.8117,20.35,57.2076,7,5.3744,1.081,0.0244,3914283.7683,91.4634,0.0,4.878,3.6585,4,0.4146,0.6341,0.0,0.0,0.0,1
8,0.0206,0.1546,8.0,3,0.5739,0.0514,0.625,1066080.0,100.0,0.0,0.0,0.0,1,0.0,0.0,0.0,0.0,0.0,1
49,29.0774,35.605,3.7252,7,3.8239,15.2635,0.3265,3122043.0204,78.9474,0.0,0.0,21.0526,1,0.4286,0.1429,0.4275,0.2889,-2.0,1
9,8.0468,53.6456,6.8568,7,5.6695,2.4865,0.1111,3287434.2222,75.0,0.0,0.0,25.0,1,0.8889,0.1111,0.0,0.0,0.0,1
68,16.0809,14.189,11.5728,6,5.7991,1.2707,0.2059,4108803.2794,91.1765,0.0,0.0,8.8235,2,0.1324,0.6176,-0.1311,0.0229,-2.0,1
17,3.096,10.9269,1.203,7,2.8269,1.4694,0.2941,1935122.6471,71.4286,7.1429,0.0,21.4286,2,0.2353,4.0588,-0.0097,0.0,1.0,1
52,1.1505,1.3275,52.0,6,0.2737,10.9673,0.8077,715818.3846,48.7805,51.2195,0.0,0.0,2,0.0,0.1154,0.0,0.0,0.0,1
100,33.8952,20.3371,35.7565,18,6.3119,0.1593,0.0,3643962.28,68.2353,0.0,1.1765,30.5882,2,0.42,1.43,0.0,0.0,0.0,1
12,23.5043,117.5213,9.1134,4,7.2909,0.0,0.0,3464164.8333,33.3333,0.0,0.0,66.6667,1,0.4167,0.0,0.0,0.0,0.0,1
100,31.6719,19.0031,76.0265,9,6.015,0.5156,0.01,3506483.68,98.0,0.0,0.0,2.0,3,0.31,0.48,0.0,0.0,0.0,1
54,4.8489,5.3877,54.0,16,3.9378,0.9702,0.1111,2917555.463,86.3636,0.0,0.0,13.6364,2,0.2593,0.5926,0.0,0.0,0.0,1
5,0.2313,2.7759,5.0,1,5.4424,4.0123,0.0,3898604.6,0.0,0.0,0.0,100.0,2,0.6,0.0,0.0,0.0,0.0,1
24,4.9328,12.332,24.0,3,3.2549,5.4969,0.125,2282805.5833,83.3333,0.0,4.1667,12.5,4,0.125,0.5417,0.0,0.0,0.0,1
14,0.0461,0.1977,14.0,10,2.8189,0.0,0.0714,2919923.3571,33.3333,0.0,0.0,66.6667,2,0.0,0.0,0.0,0.0,0.0,1
7,0.9132,7.8272,7.0,0,3.9742,1.2599,0.0,3774914.4286,25.0,25.0,25.0,25.0,0,0.4286,0.0,0.0,0.0,0.0,1
100,42.4097,25.4458,76.3745,20,4.8384,1.1224,0.05,2102136.89,53.5714,0.0,0.0,46.4286,2,0.45,0.08,0.0,0.0,0.0,1
5,3.7798,45.3577,3.7863,3,4.0036,0.0072,0.2,2919815.2,80.0,0.0,0.0,20.0,2,0.2,0.0,0.0,0.0,0.0,1
100,105.1694,63.1016,35.2805,30,3.5285,0.0138,0.03,963160.41,66.6667,0.0,11.1111,22.2222,4,0.06,0.05,0.0,0.0,0.0,1
66,11.4802,10.4365,22.2118,15,4.1206,0.0167,0.0152,3569075.0758,5.1724,0.0,0.0,94.8276,2,0.3788,0.1515,0.0,0.0,0.0,1
18,5.7104,19.0347,12.5803,8,3.4391,1.4825,0.1667,2141655.2222,72.2222,5.5556,0.0,22.2222,4,0.3333,0.4444,0.0,0.0,0.0,1
20,5.5298,16.5895,15.1056,12,3.8272,0.3775,0.05,2578114.85,60.0,0.0,0.0,40.0,1,0.8,1.75,0.0,0.0,0.0,1
24,5.1393,12.8483,18.2064,5,3.6281,2.114,0.0417,3602464.75,91.3043,0.0,0.0,8.6957,3,0.125,0.0417,0.0,0.0,0.0,1
42,8.6774,12.3962,28.7103,18,3.3962,2.3811,0.3333,2888064.0476,57.1429,0.0,0.0,42.8571,3,0.2857,0.2143,0.0,0.0,0.0,1
30,4.5235,9.0469,30.0,3,4.3228,6.5609,0.3,3456853.0,79.3103,0.0,0.0,20.6897,2,0.2667,0.0667,0.0,0.0,0.0,1
7,4.9077,42.0662,7.0,5,5.3063,0.4814,0.0,2683910.4286,42.8571,14.2857,0.0,42.8571,2,1.5714,0.0,0.0,0.0,0.0,1
33,8.4823,15.4224,33.0,9,2.0788,8.8545,0.1212,3026199.7879,88.8889,0.0,0.0,11.1111,1,0.8788,0.303,0.0,0.0,0.0,1
15,0.0842,0.3368,15.0,9,1.4215,0.0,0.8,27573.2,66.6667,0.0,0.0,33.3333,2,0.1333,0.0667,0.0,0.0,0.0,1
55,30.0713,32.805,3.7306,23,2.8913,0.6555,0.0545,1296116.9455,63.6364,0.0,0.0,36.3636,2,0.2364,0.1091,-0.2634,-0.1,-3.0,1
64,15.2437,14.2909,7.5441,8,2.8819,0.9754,0.2031,1861434.3281,77.7778,0.0,12.6984,9.5238,3,0.2656,0.125,-0.573,-0.22,-19.5,1
6,0.0105,0.1046,6.0,1,2.3793,0.0,0.1667,1942478.6667,100.0,0.0,0.0,0.0,1,0.0,0.0,0.0,0.0,0.0,1
22,10.5166,28.6817,16.5324,9,4.7464,0.3558,0.0455,3195566.0909,57.8947,5.2632,0.0,36.8421,1,1.0,0.1818,0.0,0.0,0.0,1
18,6.9001,23.0003,13.6443,6,4.5147,0.2815,0.0,3233778.6667,64.7059,5.8824,5.8824,23.5294,1,0.5556,0.0,0.0,0.0,0.0,1
100,160.3099,96.186,17.1542,6,4.1724,0.0758,0.13,2549166.56,7.0,0.0,2.0,91.0,2,0.69,0.0,-2.7525,0.0985,-7.0,1
11,3.1261,17.0514,11.0,4,4.3033,1.8367,0.0,2322540.0909,90.9091,0.0,0.0,9.0909,2,0.0909,0.1818,0.0,0.0,0.0,1
67,34.8648,31.2222,4.3823,5,5.5877,0.9985,0.0597,3481841.8955,10.8108,0.0,0.0,89.1892,1,1.1642,0.9552,0.0632,-0.0769,-3.5,1
72,21.2013,17.6677,49.2048,12,3.117,3.7515,0.1806,2674001.6667,78.5714,0.0,7.1429,14.2857,3,0.5694,0.0278,0.0,0.0,0.0,1
16,4.3998,16.4992,11.5656,6,4.2268,0.3997,0.0,3040481.3125,38.4615,0.0,15.3846,46.1538,1,0.125,0.3125,0.0,0.0,0.0,1
18,4.5235,15.0782,12.8114,6,5.1521,0.0746,0.0556,3136388.0556,58.8235,0.0,41.1765,0.0,1,0.8333,0.1667,0.0,0.0,0.0,1
45,6.2571,8.3428,7.2901,10,5.0374,0.0132,0.2222,3143908.8222,63.4146,7.3171,0.0,29.2683,3,0.6,0.1333,-0.156,-0.381,-7.5,1
50,37.2835,44.7401,37.4993,8,4.1727,1.884,0.24,3063389.0,97.6744,0.0,0.0,2.3256,3,0.5,0.1,0.0,0.0,0.0,1
69,41.4004,36.0004,47.5266,18,5.5963,0.5652,0.058,3354825.8696,31.6667,1.6667,5.0,61.6667,4,0.7536,0.029,0.0,0.0,0.0,1
29,9.9635,20.6141,21.7039,10,4.4056,2.6138,0.2414,2986763.4483,79.1667,0.0,4.1667,16.6667,3,0.8621,1.4138,0.0,0.0,0.0,1
93,55.2967,35.6753,6.3147,11,4.5681,0.7709,0.2043,3219762.3871,85.7143,0.0,0.0,14.2857,7,0.7204,7.3548,0.1874,0.0,-3.5,1
31,2.4257,4.695,31.0,13,1.8632,9.9466,0.2258,2151567.8387,35.7143,0.0,0.0,64.2857,3,0.1935,0.0968,0.0,0.0,0.0,1
31,1.4154,2.7395,21.8418,22,4.2986,2.6237,0.1935,3501713.2258,20.0,0.0,4.0,76.0,2,0.2581,0.1935,0.0,0.0,0.0,1
19,11.2234,35.4422,4.2455,11,3.7271,0.3108,0.1053,2787917.6842,50.0,0.0,0.0,50.0,3,0.3684,0.3158,1.0651,-0.1176,-0.5,1
23,6.4231,16.7559,17.5196,7,5.4176,0.1011,0.0,3421219.9565,57.1429,7.1429,21.4286,14.2857,1,0.1304,0.0435,0.0,0.0,0.0,1
100,56.7029,34.0217,86.2457,15,5.6721,1.1229,0.03,2713364.32,0.0,0.0,0.0,100.0,2,0.18,0.06,0.0,0.0,0.0,1
100,40.9383,24.563,78.8775,18,4.153,0.3032,0.09,2623013.97,45.7447,0.0,8.5106,45.7447,6,0.31,0.18,0.0,0.0,0.0,1
57,20.2968,21.365,5.947,12,4.4664,0.4575,0.0702,2321492.1404,35.8491,0.0,28.3019,35.8491,5,0.5965,0.5263,-0.842,-0.1053,-17.5,1
11,3.2273,17.6033,11.0,4,4.477,0.7362,0.0909,2974985.2727,63.6364,0.0,0.0,36.3636,2,0.7273,0.2727,0.0,0.0,0.0,1
9,2.4791,16.5271,4.3633,5,2.2481,1.3888,0.4444,1863926.3333,100.0,0.0,0.0,0.0,1,1.4444,2.7778,0.0,0.0,0.0,1
25,5.3852,12.9244,21.764,8,2.1311,7.9014,0.08,2598259.08,28.0,44.0,4.0,24.0,2,0.44,0.08,0.0,0.0,0.0,1
7,0.0612,0.5247,6.2876,3,2.1659,0.1965,0.0,3058950.5714,100.0,0.0,0.0,0.0,1,0.7143,0.2857,0.0,0.0,0.0,1
36,28.4792,47.4653,26.9872,8,4.4516,2.5365,0.1667,2549350.1389,40.0,0.0,0.0,60.0,1,0.9444,0.25,0.0,0.0,0.0,1
17,13.9625,49.2793,11.7748,4,6.1702,0.653,0.0588,4367221.7059,93.75,0.0,0.0,6.25,2,0.2353,0.1765,0.0,0.0,0.0,1
22,5.7585,15.7051,15.6201,5,2.7544,2.1409,0.2727,1991092.2727,83.3333,16.6667,0.0,0.0,4,0.3182,0.0,0.0,0.0,0.0,1
27,2.6049,5.7887,8.5008,7,3.3704,0.0016,0.2222,3710234.4074,81.4815,0.0,0.0,18.5185,2,0.1111,0.1481,0.0,0.0,0.0,1
100,29.748,17.8488,100.0,14,5.0005,1.6668,0.05,3540404.16,93.4426,0.0,0.0,6.5574,2,1.08,0.8,0.0,0.0,0.0,1
100,11.9851,7.191,100.0,41,5.656,0.7085,0.01,3843229.08,44.4444,0.0,2.7778,52.7778,2,0.29,0.14,0.0,0.0,0.0,1
33,6.0149,10.9362,23.0402,6,6.1386,0.0132,0.0909,3721838.0606,96.7742,0.0,3.2258,0.0,2,0.1818,0.1818,0.0,0.0,0.0,1
25,6.2912,15.0989,12.278,5,5.6005,0.2076,0.04,4184246.72,88.0,8.0,0.0,4.0,3,0.64,0.0,0.0,0.0,0.0,1
100,20.5131,12.3079,78.6662,26,5.3883,0.1614,0.03,2938455.92,43.3962,0.0,0.0,56.6038,3,0.26,0.07,0.0,0.0,0.0,1
5,4.5728,54.8733,5.0,0,7.117,0.0022,0.0,3765443.0,25.0,25.0,25.0,25.0,0,0.8,0.0,0.0,0.0,0.0,1
100,58.5931,35.1559,18.6574,4,3.9606,2.775,0.16,2599417.14,87.0,0.0,12.0,1.0,5,0.4,1.07,0.4235,-0.3566,6.5,1
14,5.656,24.2398,11.0476,5,3.5807,2.0702,0.1429,3239149.5714,100.0,0.0,0.0,0.0,1,0.7857,0.0,0.0,0.0,0.0,1
12,3.236,16.1798,9.1783,6,2.0519,0.0,0.4167,1104608.3333,80.0,0.0,0.0,20.0,2,0.0,0.0833,0.0,0.0,0.0,1
9,6.1669,41.1127,9.0,4,3.9972,0.1544,0.1111,2712442.6667,77.7778,0.0,11.1111,11.1111,2,0.3333,0.0,0.0,0.0,0.0,1
52,25.4118,29.3213,52.0,19,4.2217,4.1918,0.1923,3434999.4231,32.5,0.0,2.5,65.0,2,0.6346,0.0577,0.0,0.0,0.0,1
12,6.1452,30.726,8.4246,5,6.9583,0.3587,0.0,3493926.5,83.3333,0.0,0.0,16.6667,3,0.0833,0.0833,0.0,0.0,0.0,1
93,74.9886,48.3798,10.8162,15,4.3895,0.0464,0.0968,3042274.2473,6.5217,0.0,8.6957,84.7826,1,0.3763,0.4731,-2.7217,-0.0413,8.0,1
60,91.6892,91.6892,35.1491,13,3.3677,2.3074,0.1333,2634276.4833,70.6897,0.0,15.5172,13.7931,2,0.55,0.0167,0.0,0.0,0.0,1
63,10.3816,9.8873,47.7118,25,5.6054,1.2256,0.0476,3685789.3333,65.0,0.0,1.6667,33.3333,2,0.6508,0.0159,0.0,0.0,0.0,1
23,0.5513,1.4383,23.0,12,2.9729,1.6328,0.0435,1813082.7391,68.1818,4.5455,0.0,27.2727,2,0.087,0.1304,0.0,0.0,0.0,1
100,25.6488,15.3893,100.0,21,4.9885,1.2723,0.03,3298838.33,22.1053,0.0,5.2632,72.6316,2,0.75,0.0,0.0,0.0,0.0,1
73,40.6099,33.378,54.0123,27,4.0581,1.8288,0.0548,2937954.2055,53.7313,4.4776,0.0,41.791,2,0.3288,0.3562,0.0,0.0,0.0,1
34,2.4475,4.319,34.0,8,1.6965,0.0258,0.3824,1208727.9118,29.0323,0.0,0.0,70.9677,4,0.0588,0.0,0.0,0.0,0.0,1
21,7.8351,22.3859,15.095,7,5.5768,2.2416,0.0476,3637803.0,50.0,0.0,0.0,50.0,2,0.5714,0.3333,0.0,0.0,0.0,1
100,33.3496,20.0098,55.6908,9,5.2717,0.0122,0.04,2611669.85,25.5556,3.3333,0.0,71.1111,2,2.73,17.19,0.0,0.0,0.0,1
39,7.751,11.9246,26.6646,13,2.7922,0.1105,0.1795,1320247.5385,58.3333,2.7778,0.0,38.8889,4,0.6154,2.2051,0.0,0.0,0.0,1
100,16.51,9.906,100.0,45,1.7142,0.0,0.02,889210.88,25.0,25.0,25.0,25.0,1,0.0,0.0,0.0,0.0,0.0,1
38,11.6194,18.3464,3.3685,16,4.4341,0.2415,0.1316,2861928.7105,65.2174,0.0,0.0,34.7826,2,0.9474,1.5,0.3813,-0.2949,7.0,1
10,2.1529,12.9176,10.0,4,2.6831,0.0021,0.2,2274740.0,30.0,40.0,0.0,30.0,2,0.0,2.8,0.0,0.0,0.0,1
37,18.2594,29.6099,25.4508,13,3.6096,0.5033,0.0811,2803260.8919,44.8276,0.0,6.8966,48.2759,4,0.3243,0.1622,0.0,0.0,0.0,1
26,3.0229,6.9758,19.5866,4,1.3273,2.2722,0.5385,1396329.8846,92.3077,0.0,0.0,7.6923,3,0.0385,0.0,0.0,0.0,0.0,1
29,1.3733,2.8413,29.0,5,2.1002,3.6,0.2414,2200011.3103,50.0,0.0,0.0,50.0,3,0.2414,0.1034,0.0,0.0,0.0,1
40,26.9863,40.4795,27.8576,13,4.2587,1.4578,0.1,2871086.475,62.963,7.4074,3.7037,25.9259,5,0.4,0.175,0.0,0.0,0.0,1
96,20.2244,12.6403,6.385,7,5.8164,0.6426,0.1146,4643344.0521,74.7368,0.0,0.0,25.2632,2,0.1458,0.875,-0.0525,0.0356,6.0,1
18,6.8583,22.8611,12.4837,9,3.038,0.0003,0.1111,2778485.2222,100.0,0.0,0.0,0.0,2,0.0556,0.0556,0.0,0.0,0.0,1
11,1.5527,8.4692,11.0,4,1.5212,0.1063,0.5455,890770.5455,54.5455,27.2727,0.0,18.1818,2,0.1818,0.0,0.0,0.0,0.0,1
14,0.163,0.6986,14.0,5,3.3802,0.0,0.1429,3282198.1429,61.5385,0.0,0.0,38.4615,2,0.1429,0.3571,0.0,0.0,0.0,1
30,7.1399,14.2799,21.0742,8,3.9645,0.1925,0.0333,3168725.1333,75.0,17.8571,3.5714,3.5714,2,0.2333,2.2667,0.0,0.0,0.0,1
37,12.4124,20.1283,27.6652,16,4.0375,1.3064,0.1892,2746666.1622,62.5,0.0,0.0,37.5,2,0.4324,0.0,0.0,0.0,0.0,1
82,14.0391,10.2725,5.2226,14,2.5844,0.2281,0.5854,1379016.2317,94.1176,1.4706,0.0,4.4118,5,0.2683,0.1707,0.3352,0.0909,2.5,1
98,30.6778,18.7823,67.6437,18,2.9755,2.6158,0.1224,2754237.2857,69.8413,1.5873,1.5873,26.9841,4,0.2041,0.6837,0.0,0.0,0.0,1
41,6.316,9.243,41.0,13,2.5521,17.5066,0.2439,3412099.5854,39.0244,0.0,0.0,60.9756,2,0.7317,0.0244,0.0,0.0,0.0,1
21,3.623,10.3514,15.8055,7,1.1514,0.0372,0.381,1239774.6667,71.4286,0.0,0.0,28.5714,2,0.1905,0.0476,0.0,0.0,0.0,1
100,21.5246,12.9148,44.9468,48,8.3652,0.0007,0.01,2264796.83,100.0,0.0,0.0,0.0,3,0.11,0.04,0.0,0.0,0.0,1
100,13.5651,8.1391,100.0,15,2.7456,0.4946,0.0,3187146.21,23.4043,8.5106,4.2553,63.8298,1,0.1,0.21,0.0,0.0,0.0,1
23,3.2461,8.468,8.1006,8,2.5669,0.1659,0.3478,1648944.5217,77.2727,0.0,0.0,22.7273,3,0.3913,0.1739,0.0,0.0,0.0,1
25,8.9589,21.5014,18.6807,6,4.278,1.2105,0.04,3254035.96,83.3333,0.0,0.0,16.6667,2,0.32,0.0,0.0,0.0,0.0,1
100,125.3535,75.2121,14.3045,20,6.3005,0.5334,0.05,4274120.35,79.6296,1.8519,1.8519,16.6667,4,0.11,11.45,0.9884,-0.0202,14.0,1
100,27.2409,16.3445,100.0,25,2.879,5.1551,0.14,2883144.59,15.0538,0.0,8.6022,76.3441,4,0.29,0.72,0.0,0.0,0.0,1
75,123.5468,98.8375,18.1771,14,5.1112,0.303,0.0133,3185856.2533,20.2703,2.7027,1.3514,75.6757,5,0.3867,0.7467,10.5162,-0.0625,21.5,1
56,14.8133,15.8714,22.8462,23,2.5471,7.42,0.4464,2213518.1964,63.0435,2.1739,0.0,34.7826,2,0.375,0.1786,0.0,0.0,0.0,1
14,3.4486,14.7796,1.0208,7,5.2313,0.6914,0.0714,3068663.2143,71.4286,0.0,0.0,28.5714,2,0.6429,1.2857,0.0956,-0.25,-0.5,1
7,1.9862,17.0244,7.0,2,5.7975,0.0471,0.0,4784056.2857,100.0,0.0,0.0,0.0,1,0.1429,0.1429,0.0,0.0,0.0,1
19,7.3465,23.1995,19.0,6,3.5434,0.3583,0.2105,2222780.0526,33.3333,0.0,0.0,66.6667,2,0.0,0.0526,0.0,0.0,0.0,1
9,2.2901,15.2673,9.0,4,2.6318,0.0,0.2222,1866980.2222,20.0,0.0,0.0,80.0,2,0.1111,0.0,0.0,0.0,0.0,1
41,19.609,28.6961,30.0883,16,4.2751,1.1049,0.2195,3339951.7805,33.3333,0.0,17.9487,48.7179,1,0.7317,0.0976,0.0,0.0,0.0,1
100,27.2064,16.3239,11.1384,11,5.6502,0.8178,0.13,3844931.57,27.8351,0.0,0.0,72.1649,3,0.33,0.73,1.2797,0.0738,5.5,1
68,31.7301,27.9972,7.3378,14,3.1802,7.5026,0.1324,2866451.2647,79.1045,1.4925,1.4925,17.9104,6,0.5735,0.1324,0.6547,-0.2502,5.0,1
13,2.5654,11.8403,12.418,3,3.4615,0.6447,0.0769,2606976.3846,80.0,0.0,0.0,20.0,2,1.0769,1.3846,0.0,0.0,0.0,1
36,44.7104,74.5174,9.0058,3,2.6249,11.9578,0.3333,2475275.1389,0.0,0.0,0.0,100.0,1,0.3333,1.6944,0.0,0.0,0.0,1
100,25.808,15.4848,100.0,36,4.9929,0.2014,0.04,3256565.39,72.7273,3.4091,1.1364,22.7273,2,1.22,1.17,0.0,0.0,0.0,1
68,59.9161,52.8672,46.676,13,5.3752,0.0903,0.0147,3076511.1176,84.8485,0.0,6.0606,9.0909,2,0.3971,0.1471,0.0,0.0,0.0,1
26,18.5606,42.8322,17.5943,9,3.5176,0.9262,0.1538,2796147.0385,73.0769,0.0,11.5385,15.3846,3,0.1154,0.0,0.0,0.0,0.0,1
83,69.0637,49.9256,56.9574,21,4.6146,0.2045,0.0843,3274662.5783,7.3529,5.8824,4.4118,82.3529,4,0.6265,0.0,0.0,0.0,0.0,1
23,16.7646,43.7337,15.8228,6,4.6403,3.9624,0.0435,3636036.0,93.75,0.0,0.0,6.25,2,0.2174,0.4783,0.0,0.0,0.0,1
65,26.8099,24.7476,48.6979,14,5.5817,1.3895,0.1538,3166582.3077,69.5652,4.3478,4.3478,21.7391,3,0.4769,0.6769,0.0,0.0,0.0,1
22,5.6292,15.3523,14.857,4,3.8288,0.9127,0.1364,2408363.3636,90.4762,9.5238,0.0,0.0,2,0.2273,0.1818,0.0,0.0,0.0,1
9,0.1173,0.7821,9.0,3,3.3134,0.0223,0.2222,1770339.4444,100.0,0.0,0.0,0.0,1,0.4444,0.6667,0.0,0.0,0.0,1
9,0.014,0.0932,9.0,3,1.0983,0.0,0.3333,761482.8889,0.0,0.0,0.0,100.0,1,0.0,0.0,0.0,0.0,0.0,1
7,0.325,2.7854,7.0,5,4.3254,1.5137,0.0,2419813.1429,71.4286,0.0,0.0,28.5714,1,0.4286,0.2857,0.0,0.0,0.0,1
100,23.9671,14.3803,95.9514,46,2.8659,0.0005,0.0,1428407.17,75.0,0.0,0.0,25.0,3,0.11,0.06,0.0,0.0,0.0,1
74,8.1026,6.5697,55.7884,36,3.6733,0.0604,0.027,1801295.1892,37.5,12.5,0.0,50.0,2,0.1757,0.1622,0.0,0.0,0.0,1
32,12.0068,22.5128,22.2641,8,2.5409,1.8998,0.2188,2449457.6562,78.125,0.0,0.0,21.875,2,0.5625,0.0,0.0,0.0,0.0,1
50,11.5587,13.8705,3.9597,14,3.1726,0.0185,0.28,2195288.3,72.2222,11.1111,0.0,16.6667,4,0.22,0.14,0.6131,0.0889,20.0,1
24,8.747,21.8675,20.5766,8,2.8961,0.1628,0.0417,1741090.0833,22.7273,0.0,0.0,77.2727,1,4.125,2.7917,0.0,0.0,0.0,1
29,15.1825,31.4122,22.1514,15,5.1253,0.0291,0.1379,3548872.6897,80.9524,0.0,0.0,19.0476,2,0.931,0.5862,0.0,0.0,0.0,1
10,0.0906,0.5433,10.0,4,1.6959,5.1422,0.1,1732957.2,11.1111,0.0,0.0,88.8889,2,0.5,0.0,0.0,0.0,0.0,1
32,14.9629,28.0554,32.0,8,4.3872,0.1499,0.0,3489054.1562,34.375,3.125,0.0,62.5,2,0.4688,0.4375,0.0,0.0,0.0,1
46,11.7485,15.3242,34.6834,10,4.4432,2.1936,0.1087,3233988.8043,83.3333,0.0,0.0,16.6667,3,0.2826,0.2391,0.0,0.0,0.0,1
100,37.341,22.4046,79.6731,10,5.4412,0.0428,0.01,3579400.05,11.236,0.0,0.0,88.764,2,0.64,0.29,0.0,0.0,0.0,1
12,2.7351,13.6754,12.0,4,3.2073,15.1144,0.1667,3333810.5,100.0,0.0,0.0,0.0,1,0.0,0.75,0.0,0.0,0.0,1
74,10.6794,8.659,51.8907,15,4.3276,0.0019,0.1216,2554849.2973,32.2034,3.3898,0.0,64.4068,4,0.3243,1.2162,0.0,0.0,0.0,1
9,1.2806,8.5376,6.7544,4,3.6728,0.0053,0.2222,1858541.6667,88.8889,0.0,0.0,11.1111,1,0.0,0.0,0.0,0.0,0.0,1
89,42.9191,28.9342,9.8229,17,3.3872,2.1845,0.1685,2342433.5393,37.5,1.5625,3.125,57.8125,3,0.5506,0.1573,0.5115,-0.1106,8.5,1
100,2.2751,1.3651,22.9414,12,4.6099,0.0002,0.12,3620649.19,15.0,0.0,2.0,83.0,2,0.25,0.07,-0.1584,-0.1163,-37.5,1
100,41.0748,24.6449,9.8614,15,3.8477,3.1093,0.16,2292382.54,80.2198,3.2967,1.0989,15.3846,3,0.38,0.1,-0.5366,0.3929,-12.0,1
7,6.4437,55.2313,7.0,3,4.6939,0.1033,0.1429,2953923.5714,57.1429,0.0,0.0,42.8571,1,1.0,1.0,0.0,0.0,0.0,1
24,3.4286,8.5715,2.0852,5,3.7849,0.5614,0.375,3429880.8333,86.3636,0.0,0.0,13.6364,1,0.5,0.2083,0.0385,-0.625,-0.5,1
99,8.7602,5.3092,99.0,66,1.4938,0.0653,0.0,457409.4141,100.0,0.0,0.0,0.0,2,0.0,0.0303,0.0,0.0,0.0,1
100,14.7615,8.8569,100.0,28,5.5061,0.256,0.02,3611511.08,47.6744,0.0,0.0,52.3256,1,0.1,0.0,0.0,0.0,0.0,1
100,105.3154,63.1892,29.9647,15,3.8409,0.1595,0.2,2748909.3,53.8462,1.0989,17.5824,27.4725,3,0.43,0.07,0.0,0.0,0.0,1
49,25.6494,31.4074,33.6105,7,2.4553,0.065,0.4286,1900014.1224,69.3878,20.4082,0.0,10.2041,2,0.4898,0.0,0.0,0.0,0.0,1
100,57.3524,34.4115,13.0964,11,6.328,0.8922,0.02,3737025.41,30.8824,0.0,1.4706,67.6471,5,0.34,0.41,-1.0226,0.0,5.5,1
48,8.3796,10.4745,4.4627,12,4.1528,0.3873,0.0625,3480448.4792,57.1429,0.0,0.0,42.8571,3,0.625,0.3333,0.1927,-0.0667,-2.5,1
29,16.6808,34.512,19.8715,7,6.8343,0.0453,0.0,4363020.8621,67.8571,3.5714,0.0,28.5714,2,0.5517,0.3448,0.0,0.0,0.0,1
8,0.0086,0.0648,8.0,2,0.555,0.0,0.5,149984.0,0.0,0.0,0.0,100.0,1,0.125,0.5,0.0,0.0,0.0,1
100,20.2146,12.1288,100.0,15,4.4281,0.3591,0.05,3327223.2,48.0,0.0,7.0,45.0,5,0.42,0.8,0.0,0.0,0.0,1
69,10.9965,9.5622,47.4125,15,4.267,1.138,0.1014,2014032.9855,69.1176,1.4706,14.7059,14.7059,1,0.029,0.2029,0.0,0.0,0.0,1
85,14.0309,9.9041,59.702,15,5.0229,1.9252,0.1412,3126107.8,97.561,2.439,0.0,0.0,3,0.6471,0.0824,0.0,0.0,0.0,1
100,41.5501,24.93,42.1475,26,5.0429,0.4609,0.09,2604815.92,16.2162,12.1622,22.973,48.6486,4,0.29,0.08,0.0,0.0,0.0,0
77,49.207,38.3431,6.8727,8,4.3492,5.313,0.2987,2456069.3377,0.0,0.0,0.0,100.0,3,0.1558,0.0779,-0.3222,-0.2795,-2.0,0
100,64.691,38.8146,100.0,16,5.0856,0.5514,0.12,3467875.67,15.0538,25.8065,12.9032,46.2366,5,0.46,0.15,0.0,0.0,0.0,0
100,136.6574,81.9945,8.6417,4,5.4912,0.7301,0.1,3234513.97,1.0,4.0,9.0,86.0,4,0.73,0.25,-1.2536,-0.04,-8.0,0
100,62.9678,37.7807,50.3631,16,5.6527,0.414,0.04,3522120.38,3.0303,4.5455,0.0,92.4242,3,0.27,0.18,0.0,0.0,0.0,0
100,67.3821,40.4292,25.6948,25,6.0442,0.7505,0.03,4033404.49,42.1053,2.1053,0.0,55.7895,7,2.15,8.31,0.0,0.0,0.0,0
87,138.0448,95.2033,17.1722,1,6.0842,0.4811,0.0115,3455509.6782,0.0,0.0,2.2989,97.7011,1,1.1954,0.3218,-1.9331,-0.0333,-3.0,0
100,50.5714,30.3429,65.5321,19,6.9538,0.0978,0.01,3675431.14,5.0505,20.202,3.0303,71.7172,2,0.53,0.0,0.0,0.0,0.0,0
100,253.1342,151.8805,23.5007,4,5.2146,0.1294,0.07,3293037.03,0.0,1.0,4.0,95.0,2,0.57,0.52,-10.7041,-0.073,-9.0,0
50,65.5526,78.6631,4.1238,8,5.1676,2.3591,0.08,4233277.18,41.6667,25.0,0.0,33.3333,2,0.54,0.32,-0.6587,-0.0769,-10.5,0
100,62.5343,37.5206,53.4777,17,5.8441,0.0037,0.09,3486959.16,15.1899,0.0,43.038,41.7722,2,0.24,0.01,0.0,0.0,0.0,0
65,27.3122,25.2112,11.5863,12,4.8286,0.0,0.0308,745408.2615,25.0,25.0,25.0,25.0,1,0.3077,0.2923,1.1148,-0.0357,-6.0,0
100,34.7315,20.8389,100.0,8,4.8063,2.7534,0.0,3492777.69,5.0,8.0,0.0,87.0,1,1.03,1.74,0.0,0.0,0.0,0
100,179.4715,107.6829,40.7293,4,6.3278,0.0,0.05,3237124.12,0.0,8.0,0.0,92.0,1,0.64,0.22,0.0,0.0,0.0,0
100,78.0783,46.847,100.0,9,5.9037,0.8321,0.02,3314860.5,88.0,0.0,0.0,12.0,2,0.56,3.66,0.0,0.0,0.0,0
100,67.0179,40.2107,22.5219,10,5.6089,3.0937,0.1,4069732.45,5.7471,74.7126,0.0,19.5402,5,0.74,0.44,-9.4199,-0.1154,-36.0,0
100,88.0146,52.8087,23.2501,8,4.3718,0.8135,0.06,2694221.97,2.0408,9.1837,75.5102,13.2653,2,0.67,0.03,-3.6247,-0.0191,-2.0,0
100,45.6351,27.381,18.1754,8,4.966,0.7469,0.12,4010068.67,38.0,40.0,0.0,22.0,6,0.62,0.39,-0.4622,-0.1739,-24.5,0
100,72.64,43.584,54.2716,16,6.3021,0.7997,0.01,3848470.95,51.2195,0.0,0.0,48.7805,2,0.41,0.18,0.0,0.0,0.0,0
100,74.7712,44.8627,42.6901,10,6.2302,0.0171,0.0,3213160.33,8.6022,0.0,13.9785,77.4194,4,0.31,28.93,0.0,0.0,0.0,0
100,52.3837,31.4302,29.1555,12,5.5027,1.13,0.1,3494896.54,37.7551,20.4082,8.1633,33.6735,3,0.91,0.28,0.0,0.0,0.0,0
61,9.8408,9.6795,61.0,18,4.1663,0.0959,0.2459,2754313.8689,64.9123,12.2807,3.5088,19.2982,2,0.459,0.1148,0.0,0.0,0.0,0
100,55.4587,33.2752,20.4492,8,2.6092,0.4367,0.05,934113.07,100.0,0.0,0.0,0.0,4,0.01,0.2,-6.9436,-0.0087,-25.0,0
100,50.6826,30.4096,100.0,25,3.9558,0.3461,0.04,1486546.73,20.0,0.0,0.0,80.0,3,0.02,0.02,0.0,0.0,0.0,0
100,180.532,108.3192,28.3106,2,4.947,0.3582,0.19,2716697.7,0.0,0.0,19.0,81.0,2,0.47,0.0,0.0,0.0,0.0,0
17,3.2414,11.4404,17.0,10,4.9463,0.3174,0.2353,2410913.6471,58.8235,0.0,0.0,41.1765,0,0.3529,0.7647,0.0,0.0,0.0,0
100,35.499,21.2994,38.8388,19,5.3263,0.0476,0.05,3301517.85,26.7442,27.907,1.1628,44.186,7,0.6,0.02,0.0,0.0,0.0,0
100,92.5001,55.5,41.2761,11,5.5105,0.0449,0.09,3122389.62,20.2247,25.8427,0.0,53.9326,4,0.34,0.09,0.0,0.0,0.0,0
26,16.6162,38.3451,26.0,7,5.5036,0.0924,0.0385,2781830.8462,0.0,92.0,0.0,8.0,1,1.2692,0.2308,0.0,0.0,0.0,0
100,91.5189,54.9113,47.0603,23,5.9739,0.3171,0.02,3189418.98,39.0805,5.7471,9.1954,45.977,1,0.29,0.0,0.0,0.0,0.0,0
67,48.9352,43.8226,30.8417,29,3.9772,1.5208,0.0448,1704070.194,58.3333,0.0,0.0,41.6667,3,0.0746,0.4776,0.0,0.0,0.0,0
100,71.018,42.6108,31.2879,12,6.3526,0.1826,0.01,3822146.34,17.7083,10.4167,7.2917,64.5833,5,0.48,0.15,0.0,0.0,0.0,0
100,95.2126,57.1276,19.87,8,4.1145,2.4151,0.12,3308339.62,8.1633,75.5102,7.1429,9.1837,6,0.38,0.05,-7.134,-0.093,-21.5,0
100,213.9813,128.3888,10.1074,7,5.2469,0.2231,0.09,3680627.85,34.375,0.0,0.0,65.625,1,0.49,0.06,1.747,0.0667,3.5,0
100,52.2961,31.3777,80.1733,4,4.8687,1.0229,0.04,3154708.44,0.0,2.0,58.0,40.0,2,0.55,0.36,0.0,0.0,0.0,0
100,39.4269,23.6561,78.9418,11,5.8866,0.0383,0.03,3271161.15,72.9167,19.7917,1.0417,6.25,7,0.48,0.45,0.0,0.0,0.0,0
100,9.1981,5.5189,38.417,30,2.5095,0.5409,0.01,687595.85,0.0,50.0,30.0,20.0,4,0.01,0.01,0.0,0.0,0.0,0
100,38.6705,23.2023,100.0,19,4.0863,2.7882,0.28,2472139.81,16.6667,57.6923,3.8462,21.7949,8,1.15,0.07,0.0,0.0,0.0,0
100,116.1724,69.7035,21.7527,14,5.3351,0.6419,0.06,3106936.04,30.4348,23.913,6.5217,39.1304,7,0.55,0.08,4.3566,-0.0558,17.0,0
100,96.4493,57.8696,46.3453,15,5.7397,0.3935,0.03,3378175.93,0.0,4.3478,0.0,95.6522,1,0.82,0.19,0.0,0.0,0.0,0
100,84.3185,50.5911,24.839,11,4.6665,0.3255,0.14,3947106.48,27.2727,54.5455,5.1948,12.987,10,0.47,3.98,-11.3779,-0.0797,-36.0,0
100,162.7715,97.6629,10.9295,5,5.1782,0.1195,0.13,3237718.91,1.0,3.0,3.0,93.0,1,1.19,0.93,-2.2104,-0.1515,-11.0,0
100,70.3341,42.2004,50.4251,29,4.1951,0.011,0.07,1762123.61,7.1429,0.0,0.0,92.8571,1,0.18,0.53,0.0,0.0,0.0,0
100,196.8145,118.0887,20.793,25,4.9223,1.6457,0.17,3423580.66,20.2247,22.4719,1.1236,56.1798,4,0.17,0.08,-1.7603,0.0915,7.5,0
100,113.8163,68.2898,21.1318,5,5.3967,2.5234,0.09,4171942.68,27.0,28.0,22.0,23.0,3,1.03,2.25,5.1724,-0.1208,-4.0,0
100,110.0458,66.0275,45.1131,27,6.0987,0.2697,0.1,3434503.56,34.0909,21.5909,13.6364,30.6818,3,0.79,0.33,0.0,0.0,0.0,0
100,56.531,33.9186,100.0,22,6.1196,0.0654,0.06,3334602.25,6.9767,26.7442,30.2326,36.0465,5,0.37,0.01,0.0,0.0,0.0,0
100,103.2819,61.9691,17.0786,2,6.4855,0.1068,0.01,3489054.2,0.0,0.0,2.0,98.0,1,0.64,0.02,3.8715,0.0192,16.0,0
100,78.633,47.1798,23.1354,18,5.8948,0.1381,0.05,2384935.04,100.0,0.0,0.0,0.0,4,0.17,4.09,-6.7123,0.0415,-13.5,0
100,132.423,79.4538,25.5168,4,4.7657,1.1201,0.1,3424592.94,19.0,31.0,3.0,47.0,5,0.89,5.38,0.0,0.0,0.0,0
100,49.6405,29.7843,24.7238,14,4.0767,2.6506,0.18,2842852.71,29.2929,45.4545,13.1313,12.1212,6,0.86,2.93,-3.1326,-0.2769,-19.0,0
100,59.741,35.8446,40.7979,19,4.5259,3.8008,0.04,3093889.31,1.0417,54.1667,14.5833,30.2083,6,0.44,0.07,0.0,0.0,0.0,0
100,126.9107,76.1464,29.2877,6,5.6688,0.2985,0.06,3112239.78,5.5556,1.3889,0.0,93.0556,3,0.25,0.48,0.0,0.0,0.0,0
100,36.9734,22.1841,61.0108,23,3.53,0.674,0.19,2124834.92,12.5,22.5,0.0,65.0,7,0.15,0.02,0.0,0.0,0.0,0
100,18.9163,11.3498,29.2238,12,2.8736,3.6374,0.07,2070885.59,17.0213,64.8936,5.3191,12.766,5,0.04,0.19,0.0,0.0,0.0,0
100,75.6672,45.4003,18.8755,7,4.8483,2.3406,0.06,3255651.92,0.0,79.0,11.0,10.0,5,0.12,0.05,-4.5787,-0.0685,-29.0,0
100,62.3673,37.4204,21.8151,10,5.0129,2.8828,0.06,3885502.23,48.4536,30.9278,3.0928,17.5258,6,0.44,2.9,-7.0466,0.0682,-40.0,0
100,63.2162,37.9297,99.5202,16,5.3893,0.1251,0.17,3130291.04,34.3434,38.3838,8.0808,19.1919,6,0.83,0.6,0.0,0.0,0.0,0
100,51.0822,30.6493,49.5565,16,6.4103,0.1984,0.0,3771399.48,2.2989,20.6897,0.0,77.0115,1,0.29,0.03,0.0,0.0,0.0,0
100,83.0995,49.8597,28.8248,8,5.8373,1.4398,0.15,3051470.99,0.0,5.9701,0.0,94.0299,3,6.77,0.36,0.0,0.0,0.0,0
100,159.5322,95.7193,30.6416,18,5.6892,0.0037,0.17,3665744.92,14.8936,2.1277,0.0,82.9787,2,0.14,0.25,0.0,0.0,0.0,0
31,9.0288,17.4751,7.6177,5,5.2181,2.1388,0.129,2993822.9677,64.5161,6.4516,0.0,29.0323,3,6.129,0.2581,-0.6053,-0.1481,-11.5,0
100,49.4297,29.6578,26.9304,26,5.3957,1.0773,0.04,3125761.58,48.0769,32.6923,1.9231,17.3077,10,0.69,1.03,0.0,0.0,0.0,0
100,63.3011,37.9807,46.7061,3,8.8262,0.0027,0.01,5901438.02,98.0,2.0,0.0,0.0,1,0.85,0.66,0.0,0.0,0.0,0
100,126.0502,75.6301,56.1186,10,6.4652,0.2521,0.01,3629074.34,3.1915,3.1915,0.0,93.617,2,1.78,1.17,0.0,0.0,0.0,0
100,92.5689,55.5414,35.0462,14,5.0943,0.4368,0.03,3074364.25,24.0,24.0,10.0,42.0,8,0.71,0.73,0.0,0.0,0.0,0
100,50.0883,30.053,100.0,15,6.0294,0.9899,0.04,3420858.1,2.0833,21.875,73.9583,2.0833,2,0.14,0.03,0.0,0.0,0.0,0
100,29.7161,17.8297,31.808,9,6.0839,1.3637,0.03,4216163.39,50.5051,12.1212,26.2626,11.1111,1,0.8,0.43,0.0,0.0,0.0,0
90,135.0769,90.0513,7.0849,3,3.4353,0.5801,0.3,2690306.6667,3.4483,0.0,1.1494,95.4023,2,0.2667,0.2667,2.5357,0.2639,10.0,0
100,96.7269,58.0361,42.9733,9,5.8196,1.7623,0.08,3686030.73,77.7778,0.0,0.0,22.2222,1,0.73,0.31,0.0,0.0,0.0,0
100,66.8163,40.0898,10.5389,6,4.7437,0.8221,0.12,2914960.75,0.0,9.0,40.0,51.0,3,3.35,6.69,-0.5467,-0.0113,-10.5,0
100,82.513,49.5078,15.9907,19,4.3294,1.06,0.11,2414270.76,79.3478,1.087,0.0,19.5652,4,0.36,0.27,-4.8285,-0.1228,-24.0,0
57,47.4315,49.9279,6.9483,5,4.3126,2.2416,0.3333,3369325.1754,7.5472,1.8868,28.3019,62.2642,2,0.7193,0.1579,-1.3198,0.0991,-10.5,0
100,30.3215,18.1929,100.0,19,6.2493,0.6158,0.01,3383266.43,64.8936,21.2766,4.2553,9.5745,5,0.44,0.97,0.0,0.0,0.0,0
100,76.4082,45.8449,11.0947,13,6.2855,1.4635,0.07,3464904.51,40.0,3.0,0.0,57.0,4,0.24,0.34,0.5035,0.0394,15.0,0
100,48.6174,29.1705,89.8668,24,6.1818,0.4517,0.01,3288229.46,4.1667,17.7083,14.5833,63.5417,3,0.24,0.02,0.0,0.0,0.0,0
100,63.9655,38.3793,100.0,26,6.0394,0.334,0.04,3254585.67,19.7531,1.2346,2.4691,76.5432,4,1.26,1.35,0.0,0.0,0.0,0
100,66.6733,40.004,24.0765,12,5.084,1.6076,0.12,4200677.96,32.9897,36.0825,1.0309,29.8969,7,0.74,1.95,-3.8482,-0.0281,-28.0,0
100,23.3585,14.0151,100.0,21,7.8572,0.0002,0.0,3252729.45,51.8519,11.1111,7.4074,29.6296,4,0.82,0.04,0.0,0.0,0.0,0
82,103.444,75.6907,6.3905,5,4.975,0.2349,0.0244,2941357.5,2.439,4.878,6.0976,86.5854,3,0.6098,0.1829,0.0047,0.0,-2.5,0
100,69.1152,41.4691,16.5837,6,5.6469,1.4088,0.07,4833150.23,15.3061,82.6531,1.0204,1.0204,3,0.54,3.98,-4.7468,-0.0704,-34.5,0
100,99.8309,59.8985,33.5638,15,5.9621,0.1843,0.18,4829497.67,15.1515,4.0404,0.0,80.8081,6,0.7,29.22,0.0,0.0,0.0,0
100,34.4515,20.6709,21.3357,21,6.1731,1.1255,0.08,3860962.99,3.0612,61.2245,3.0612,32.6531,1,0.56,0.28,-5.0033,0.0405,-38.0,0
100,101.4037,60.8422,48.3555,13,5.8337,0.037,0.07,3277704.34,2.5,35.0,18.75,43.75,6,1.09,0.82,0.0,0.0,0.0,0
100,50.2957,30.1774,100.0,20,5.7281,0.8704,0.0,3502908.8,4.4444,2.2222,85.5556,7.7778,3,0.1,0.04,0.0,0.0,0.0,0
100,113.5506,68.1303,23.8381,10,4.8704,6.0172,0.14,3497235.22,46.3918,44.3299,0.0,9.2784,3,0.28,39.2,-4.5209,-0.2642,-10.0,0
100,101.2071,60.7242,45.7168,14,5.7198,0.0619,0.09,3661079.94,39.0,0.0,0.0,61.0,4,0.5,10.9,0.0,0.0,0.0,0
100,14.838,8.9028,21.7391,3,2.6697,1.8379,0.46,2408652.62,99.0,0.0,0.0,1.0,2,4.21,1.03,-1.3027,-0.3935,-36.5,0
100,129.2679,77.5608,26.2763,18,6.3349,0.4446,0.01,3578682.0,2.2472,23.5955,7.8652,66.2921,2,0.38,0.03,0.0,0.0,0.0,0
65,82.2276,75.9024,5.056,2,4.7039,0.4361,0.1231,3047336.6308,0.0,1.6129,0.0,98.3871,5,0.4769,0.4154,-0.2012,0.3661,-1.0,0
48,47.2644,59.0805,23.9042,9,6.4718,0.1119,0.0,3845180.4167,6.25,37.5,12.5,43.75,2,0.7917,0.0208,0.0,0.0,0.0,0
100,114.625,68.775,28.909,13,5.9552,0.8192,0.12,3638246.81,51.5152,5.0505,0.0,43.4343,7,0.24,1.75,0.0,0.0,0.0,0
100,78.5501,47.1301,23.4298,7,4.3243,1.1979,0.25,2763135.79,67.3913,27.1739,0.0,5.4348,7,2.1,0.23,-8.5315,0.336,-23.5,0
100,57.892,34.7352,26.5885,18,4.5726,1.1906,0.08,3257305.73,9.2784,42.268,3.0928,45.3608,2,0.95,1.09,0.0,0.0,0.0,0
100,78.026,46.8156,23.3475,16,5.2443,0.8508,0.06,3422824.66,36.4583,36.4583,3.125,23.9583,9,0.54,6.17,-1.9078,0.0047,-23.5,0
100,44.6221,26.7733,87.9776,12,6.6482,0.067,0.06,3547261.65,4.0,30.0,4.0,62.0,3,0.35,0.01,0.0,0.0,0.0,0
100,32.4355,19.4613,100.0,19,6.159,0.7966,0.02,3677541.18,5.102,39.7959,8.1633,46.9388,2,0.37,0.13,0.0,0.0,0.0,0
100,91.3563,54.8138,100.0,25,6.3701,1.2573,0.01,2764992.15,22.2222,4.4444,37.7778,35.5556,3,0.42,0.13,0.0,0.0,0.0,0
44,38.3241,52.2601,3.6245,8,5.6634,0.1677,0.0,3359990.9545,0.0,11.3636,38.6364,50.0,1,0.5682,0.0,0.2644,0.0,3.0,0
100,26.3467,15.808,46.5445,13,5.5949,0.699,0.06,3401053.63,25.0,37.0,0.0,38.0,3,0.93,0.93,0.0,0.0,0.0,0
100,162.0778,97.2467,63.5808,13,7.1724,0.033,0.07,4369178.65,54.6512,8.1395,27.907,9.3023,3,0.43,0.0,0.0,0.0,0.0,0
100,21.2222,12.7333,100.0,9,5.4615,0.0939,0.01,3075130.09,1.1111,6.6667,16.6667,75.5556,4,3.57,3.44,0.0,0.0,0.0,0
100,25.6158,15.3695,13.2724,7,4.5773,0.948,0.06,2493678.24,0.0,9.0,77.0,14.0,1,1.51,1.02,0.4432,0.0273,-16.5,0
100,39.7167,23.83,100.0,6,4.8908,0.0188,0.09,3243150.37,3.0303,20.202,40.404,36.3636,3,4.91,5.16,0.0,0.0,0.0,0
100,64.3652,38.6191,100.0,12,4.5797,0.0501,0.28,2818978.17,46.6667,21.3333,0.0,32.0,11,0.45,0.25,0.0,0.0,0.0,0
100,36.3965,21.8379,13.7661,11,3.8586,2.8627,0.24,2812018.25,39.0,53.0,0.0,8.0,6,0.88,0.1,0.1429,0.0887,-11.5,0
100,142.8556,85.7133,61.306,16,5.1246,1.0665,0.1,3569552.52,43.299,3.0928,5.1546,48.4536,11,2.12,3.23,0.0,0.0,0.0,0
